{"cameraMode":{"drawMode":0,"name":"Shaded","section":"Shading Mode"},"sceneLighting":true,"audioPlay":false,"sceneViewState":{"m_AlwaysRefresh":false,"showFog":true,"showSkybox":true,"showFlares":true,"showImageEffects":true,"showParticleSystems":true,"showVisualEffectGraphs":true,"m_FxEnabled":true},"in2DMode":false,"pivot":{"x":1.950103759765625,"y":5.714406490325928,"z":-4.394063472747803},"rotation":{"x":-0.22132155299186707,"y":-0.014614466577768326,"z":0.003405102761462331,"w":-0.9750792980194092},"size":1.4152424335479737,"orthographic":false}