{"cameraMode":{"drawMode":0,"name":"Shaded","section":"Shading Mode"},"sceneLighting":true,"audioPlay":false,"sceneViewState":{"m_AlwaysRefresh":false,"showFog":true,"showSkybox":true,"showFlares":true,"showImageEffects":true,"showParticleSystems":true,"showVisualEffectGraphs":true,"m_FxEnabled":true},"in2DMode":false,"pivot":{"x":7.142550468444824,"y":3.4116532802581789,"z":8.871489524841309},"rotation":{"x":0.01902877911925316,"y":-0.9788588881492615,"z":0.17326073348522187,"w":0.10700245201587677},"size":0.5196152329444885,"orthographic":false}