{"cameraMode":{"drawMode":0,"name":"Shaded","section":"Shading Mode"},"sceneLighting":true,"audioPlay":false,"sceneViewState":{"m_AlwaysRefresh":false,"showFog":true,"showSkybox":true,"showFlares":true,"showImageEffects":true,"showParticleSystems":true,"showVisualEffectGraphs":true,"m_FxEnabled":true},"in2DMode":false,"pivot":{"x":5.137118339538574,"y":3.7807724475860597,"z":12.895176887512207},"rotation":{"x":0.00260934722609818,"y":0.9970661997795105,"z":-0.0632108598947525,"w":0.041256021708250049},"size":0.584781289100647,"orthographic":false}