{"cameraMode":{"drawMode":0,"name":"Shaded","section":"Shading Mode"},"sceneLighting":true,"audioPlay":false,"sceneViewState":{"m_AlwaysRefresh":false,"showFog":true,"showSkybox":true,"showFlares":true,"showImageEffects":true,"showParticleSystems":true,"showVisualEffectGraphs":true,"m_FxEnabled":true},"in2DMode":false,"pivot":{"x":-0.5131574273109436,"y":3.367892265319824,"z":0.5250551104545593},"rotation":{"x":0.012103574350476265,"y":0.948151171207428,"z":0.03673511743545532,"w":-0.3152844309806824},"size":0.5943416953086853,"orthographic":false}